,,,,,,,,,,,,,,,,,,,,,,,,,,,,,,,,,,,,,,,,,,,
MÉTIER,RESPONSABLE,CENTRE,PRÉNOM,NOM,@,Numéro de téléphone,DOSSIER,CMA €,CPF,COMMENTAIRES,Column 12,Column 13,Column 14,Column 15,Column 16,Column 17,Column 18,Column 19,Column 20,Column 21,Column 22,Column 23,Column 24,Column 25,Column 26,Column 27,Column 28,Column 29,Column 30,Column 31,Column 32,Column 33,Column 34,Column 35,Column 36,Column 37,Column 38,Column 39,Column 40,Column 41,Column 42,Column 43,Column 44
VTC,VANESSA,MONTATAIRE,OUSSAMA,ABDELWAHAB,osama255abdelwahab@gmail.com,650499106,VALIDE 7085,237,OUI,ECHOUÉ,,,,,,,,,,,,,,,,,,,,,,,,,,,,,,,,,
VTC,ANAIS,MONTATAIRE ,RANDY,ABEKI,randyabeki243@hotmail.com,783464597,15064,OUI,OUI,OK,,,,,,,,,,,,,,,,,,,,,,,,,,,,,,,,,
VTC,VANESSA,EPINAY ,ILIES ,BOUHOUSSATINE,ILIESBStne.60@gmail.com,695550572,611258,OUI,OK,"Pièces refusées, CPF réglé 1490, Mot de passe CMA : iliesBTS60!",,,,,,,,,,,,,,,,,,,,,,,,,,,,,,,,,
VTC,VANESSA,MONTATAIRE ,DJIBA,KABA,djiba0kaba@gmail.com,623569239,5651,OUI,OUI,Mot de passe CMA : Kabadjiba60180*,,,,,,,,,,,,,,,,,,,,,,,,,,,,,,,,,
VTC,VANESSA,MONTATAIRE ,STEVE,NDONGALA NTALU,pitsou.pitsou@yahoo.fr,628403601,4384,OUI,OUI,CMA PAYÉE LE 7 JANVIER. EN ATTENTE ,,,,,,,,,,,,,,,,,,,,,,,,,,,,,,,,,
vtc,VANESSA,MONTATAIRE ,EBAD, SHINWARI,EBADSHINWARI4@gmail.COM,634664433,19795,OUI,OUI,manque 490 ET CMA,,,,,,,,,,,,,,,,,,,,,,,,,,,,,,,,,
vtc,VANESSA,epinay ,sanah,mian,sanahmian99@gmail.COM,650988768,OUI,OUI,OUI,REUSSI,,,,,,,,,,,,,,,,,,,,,,,,,,,,,,,,,
vtc,VANESSA,epinay ,YALLESSO,godemon,JUSTIANEGODEMON@gmail.com,627627053,,OUI,OUI,,,,,,,,,,,,,,,,,,,,,,,,,,,,,,,,,,
VTC,VANESSA,EPINAY ,BEN HADEF,ZIED,benhadefz@gmail.com,06 59 49 02 63,599146,OK,OUI,,,,,,,,,,,,,,,,,,,,,,,,,,,,,,,,,,
VTC,VANESSA,EPINAY,ahammed,FYEZ,fyez.ahammed@yahoo.com,659480600,"
VALIDE",OUI,OUI,ECHOUE,,,,,,,,,,,,,,,,,,,,,,,,,,,,,,,,,
vtc,VANESSA,epinay,lisette,adoukonou,adoukonoulisette@yahoo.fr,749847462,,OUI,OUI,journee et une partie en e learning dispo uniquement le mercredi ,,,,,,,,,,,,,,,,,,,,,,,,,,,,,,,,,
VTC,VANESSA,EPINAY,Mabrouk ,Licheheb,licheheb@hotmail.fr,646426112,8038,OUI,OUI,ECHOUE,,,,,,,,,,,,,,,,,,,,,,,,,,,,,,,,,
passerelle vtc ,SAADI,epinay,moutouakil,lahssen ,moutaouakillahassen92@yahoo.fr,06 70 91 58 52‬,?,?,OUI,,,,,,,,,,,,,,,,,,,,,,,,,,,,,,,,,,
VTC,VANESSA,EPINAY,,BENSAAD,BENSAADSERVICES,,,,,,,,,,,,,,,,,,,,,,,,,,,,,,,,,,,,,,
VTC,VANESSA,EPINAY ,BARBERO,LASSER,laserbarbeiro@hotmail.fr,635431971,,NON,OUI,,,,,,,,,,,,,,,,,,,,,,,,,,,,,,,,,,
VTC,VANESSA,EPINAY,DIALLO,COMPANYA,,627323538,3X,237,NON,ECHOUE,,,,,,,,,,,,,,,,,,,,,,,,,,,,,,,,,
vtc,VANESSA,epinay,bourahi,driss,bourahi.d@gmail.com,,,,,ECHOUE,,,,,,,,,,,,,,,,,,,,,,,,,,,,,,,,,
VTC,VANESSA,EPINAY,FILIPE,KAMENGA,philka.elec@yahoo.com,624968600,MOT DE PASSE,VALIDE,OUI,COMPLET VALIDÉ PAR CMA,,,,,,,,,,,,,,,,,,,,,,,,,,,,,,,,,
vtc,VANESSA,EPINAY ,calixte ,CESAR,CALIXTECESAR137@gmail.com,784863569,11556,237,OUI,ECHOUE,,,,,,,,,,,,,,,,,,,,,,,,,,,,,,,,,
vtc,VANESSA,EPINAY ,abderahmane ,zaoug,abdell1996@hotmail.fr,650023260,11644,oui,OUI,REUSSI,,,,,,,,,,,,,,,,,,,,,,,,,,,,,,,,,
VTC,ANAIS,EPINAY ,LOKOUGNA,CEDRIC,,,,OUI,OUI,MANQUE 490 EUR,,,,,,,,,,,,,,,,,,,,,,,,,,,,,,,,,
FORMATION VTC,ANAIS,EPINAY ,Brahim,Tabich,brams13011@gmail.com,773188559,14972,OUI,OUI,OK,,,,,,,,,,,,,,,,,,,,,,,,,,,,,,,,,
VTC,VANESSA,EPINAY ,JONATHAN,HENRIQUET,AXEL-HENRIQUET@outlook.fr,769861037,3881,ok,OUI,REUSSI,,,,,,,,,,,,,,,,,,,,,,,,,,,,,,,,,
VTC,VANESSA,EPINAY ,IMRAN,MUSHTAQ,IMRANMUSHTAQ825@gmail.com,695806042,11726,237,OUI,REUSSI,,,,,,,,,,,,,,,,,,,,,,,,,,,,,,,,,
VTC,VANESSA,EPINAY ,MAROUENE,CHETOUANE ,MAROUENE881@live.fr,623251848,6581,OK,NON,MANQUE CPF,,,,,,,,,,,,,,,,,,,,,,,,,,,,,,,,,
VTC ,ANAIS,EPINAY ,LENY,MICHAUD,lenymichaud@gmail.com,783744864,606252,OUI,OUI,REUSSI,,,,,,,,,,,,,,,,,,,,,,,,,,,,,,,,,
FORMATION PRATIQUE VTC,ANAIS,EPINAY ,DEV,SHARMA,smilingdev11@yahoo.com,621306082,0000566409PE1,NON,OUI,"Contacter , INSCRIPTION EXAMENT T3P AUJOURD'HUI",,,,,,,,,,,,,,,,,,,,,,,,,,,,,,,,,
FORMATION PRATIQUE VTC,VANESSA,EPINAY ,zakaria,moufakkir,zack.mfk@gmail.com,662203049,,CMA EVALBOX,,RECONTACTER DEMAIN POUR RÉCUPÉRATION CPF SUITE ANNULATION,,,,,,,,,,,,,,,,,,,,,,,,,,,,,,,,,
PASSERELLE TAXI ,VANESSA,EPINAY,AYOUB ,BAYA,bayaayoub1996@gmail.com,685298407,OUI,OUI,,manque attest admissibilite et paiement.centre ,, ,,,,,,,,,,,,,,,,,,,,,,,,,,,,,,,
vtc,VANESSA,EPINAY ,mnafeg,rim,Rimjlidi@ymail.com,751329212,OUI,OK,OUI,"CPF 600, CMA ?",,,,,,,,,,,,,,,,,,,,,,,,,,,,,,,,,
VTC,VANESSA,EPINAY ,belhanafi,ayoub,AYOUBAX93800@yahoo.com,788536415,oui,oui,OUI,PRATIQUE,,,,,,,,,,,,,,,,,,,,,,,,,,,,,,,,,
VTC,ANAIS,EPINAY ,Williamson,MILLIEN,williamsonmillien0@gmail.com,768539506,554525,OUI EVALBOX,OUI,"CPF 1101,40 euros, 388,6 euros à payer en espèces, INSCRPTION EXAMEN T3P DEMAIN",,,,,,,,,,,,,,,,,,,,,,,,,,,,,,,,,
VTC,VANESSA,EPINAY ,Yousri,SAADALLAH,yousri.51@live.fr,659429762,,OUI,NON,Paiement liquide,,,,,,,,,,,,,,,,,,,,,,,,,,,,,,,,,
taxi,VANESSA,EPINAY ,mickael,soares,,769117716,,,OUI,,,,,,,,,,,,,,,,,,,,,,,,,,,,,,,,,,
VTC,VANESSA,EPINAY ,Younès,SAADALLAH,younes9351@hotlook.com,650955246,,NON,NON,Paiement iquide,,,,,,,,,,,,,,,,,,,,,,,,,,,,,,,,,
,,,,,,,,,,,,,,,,,,,,,,,,,,,,,,,,,,,,,,,,,,,
VTC,VANESSA,EPINAY ,erdal,AKDAG,erdal3473@gmail.com,663556241,605920,EVALBOX ? MDP ?,OUI,"EX, MANQUE CMA EXAMEN T3P",,,,,,,,,,,,,,,,,,,,,,,,,,,,,,,,,
VTC,VANESSA,EPINAY ,ARNOLD,CORTEZ,nancy.cortez0173@outlook.com/ nansnold@yahoo.com,664295726,,CMA ? ,OUI,SERVICE FAIT VALIDÉ - EDOF CPF 1100,,,,,,,,,,,,,,,,,,,,,,,,,,,,,,,,,
vtc,VANESSA,epinay,khalid,el harti,elharti2@hotmail.com,635029658,612237,167 ok,NON,CMA EVALBOX ?,,,,,,,,,,,,,,,,,,,,,,,,,,,,,,,,,
PASSERELLE TAXI,ANAIS,EPINAY ,RODRIGUE,ALTINORD,r.altinord@gmail.com,618854100,,OUI,OUI,"MANQUE CMA, CPF 1305",,,,,,,,,,,,,,,,,,,,,,,,,,,,,,,,,
VTC ,ANAIS,EPINAY ,ABDERRAZAK,TABAA,abderrazaktabaa257@gmail.com,774568970,1071,NON,OUI,"CPF 1156,65 euros, 143,35 manque ",,,,,,,,,,,,,,,,,,,,,,,,,,,,,,,,,
TAXI,VANESSA,EPINAY ,kane ,mamadou,mamskane3@gmail.com,760511397,,NON,OUI,,,,,,,,,,,,,,,,,,,,,,,,,,,,,,,,,,
vtc,VANESSA,epinay ,,,hamidi_mhamed@outlook.fr,753394757,,,,,,,,,,,,,,,,,,,,,,,,,,,,,,,,,,,,,
vtc,VANESSA,epinay ,guy,kembo,kemboguy4@gmail.com,618089222,,,,,,,,,,,,,,,,,,,,,,,,,,,,,,,,,,,,,
VTC,ANAIS,EPINAY ,Jean Willy,BRUNOT,brunotjeanwilly@gmail.com,783713837,0000586611TE1,,NON,mot de passe evalbox : Willconfort@282324 N a pas payé. Merci de faire le nécessaire,,,,,,,,,,,,,,,,,,,,,,,,,,,,,,,,,
VTC,ANAIS,EPINAY ,AHMAD,Samir,ahmad.603samir@gmail.com,07 66 84 76 03,587705,"MODIFICATION PERMIS, le 10/12",OUI,"CPF, CMA réglé",,,,,,,,,,,,,,,,,,,,,,,,,,,,,,,,,
vtc,VANESSA,EPINAY ,sabrina ,bahrouni,,,,NON,,,,,,,,,,,,,,,,,,,,,,,,,,,,,,,,,,,
VTC,VANESSA,EPINAY ,MAMADOU,GUEYE,GUEYEMAMADOU2021@outlook.fr,602131866,,ok,,,,,,,,,,,,,,,,,,,,,,,,,,,,,,,,,,,
PASSERELLE,ANAIS,EPINAY ,Bouchra,Oulalite,berchmaneb@gmail.com,07 66 92 34 85,"CPF a régler, CMA à compléter",,,Soirée,,,,,,,,,,,,,,,,,,,,,,,,,,,,,,,,,